task,name,psnr,ssim
denoise15,0000,42.40467245889765,0.9744794964790344
denoise15,0001,32.67608878561434,0.9154712557792664
denoise15,0002,36.812931333487676,0.9350342750549316
denoise15,0003,33.21981245328641,0.9209906458854675
denoise15,0004,33.02876195954013,0.9286648631095886
denoise15,0005,33.841712796303504,0.9016785025596619
denoise15,0006,34.79795363416247,0.9655094146728516
denoise15,0007,30.7657409852698,0.9626920819282532
denoise15,0008,31.16131123693799,0.9163990020751953
denoise15,0009,34.99440831884708,0.949920654296875
denoise15,0010,34.74695247235963,0.9319062232971191
denoise15,0011,35.53869012146078,0.9441911578178406
denoise15,0012,32.82197247204984,0.9445921778678894
denoise15,0013,37.34648059276076,0.956242024898529
denoise15,0014,33.518359212122945,0.9343338012695312
denoise15,0015,31.682820088460616,0.9231938719749451
denoise15,0016,34.01917479762658,0.9416336417198181
denoise15,0017,34.42938163817616,0.9322111010551453
denoise15,0018,34.17902394184316,0.9529399871826172
denoise15,0019,34.480919809238536,0.9388799667358398
denoise15,0020,35.33340502101137,0.9287412762641907
denoise15,0021,32.656851217341234,0.9201385974884033
denoise15,0022,33.389317328389325,0.9485483765602112
denoise15,0023,37.16674069854427,0.9474976658821106
denoise15,0024,33.349135427954536,0.9245133399963379
denoise15,0025,33.81785683502601,0.9217669367790222
denoise15,0026,32.00483878841253,0.9486878514289856
denoise15,0027,32.26673817427566,0.9337596893310547
denoise15,0028,34.054236567538155,0.9460067749023438
denoise15,0029,33.77797300850288,0.9457278251647949
denoise15,0030,34.85337556707924,0.9683635830879211
denoise15,0031,34.582217620104295,0.9275548458099365
denoise15,0032,37.394263301484074,0.9353877902030945
denoise15,0033,30.994632631444553,0.9557056427001953
denoise15,0034,34.512909905403426,0.9216012954711914
denoise15,0035,30.48004589210478,0.9541152119636536
denoise15,0036,32.043425878374094,0.9493532776832581
denoise15,0037,33.57981468614976,0.9613110423088074
denoise15,0038,36.85906589347047,0.9173508286476135
denoise15,0039,31.782920694760293,0.8473290801048279
denoise15,0040,33.23726221726287,0.9208293557167053
denoise15,0041,33.60365800821293,0.9165872931480408
denoise15,0042,37.28243369499832,0.9584551453590393
denoise15,0043,32.96589847495976,0.9345027804374695
denoise15,0044,34.53710199388177,0.9204662442207336
denoise15,0045,35.122818927842246,0.9485129714012146
denoise15,0046,33.21937687413745,0.9530363082885742
denoise15,0047,37.58786696527763,0.93953537940979
denoise15,0048,31.866202374610957,0.9282509684562683
denoise15,0049,31.905380281089293,0.9374384880065918
denoise15,0050,35.40316180855898,0.9051177501678467
denoise15,0051,32.039227779753695,0.9267805218696594
denoise15,0052,33.46807127692208,0.9290298819541931
denoise15,0053,35.765653199050455,0.9138261675834656
denoise15,0054,35.066674911458826,0.8958340287208557
denoise15,0055,34.03655855652389,0.9282308220863342
denoise15,0056,32.7004556871352,0.9283414483070374
denoise15,0057,29.912742076551183,0.947039783000946
denoise15,0058,33.192216570961904,0.9401935935020447
denoise15,0059,34.58708619268158,0.8930368423461914
denoise15,0060,34.4205915491425,0.9026755690574646
denoise15,0061,35.0787684069588,0.9058731198310852
denoise15,0062,34.814083395176,0.9084860682487488
denoise15,0063,38.021085382749675,0.963193953037262
denoise15,0064,31.978583551020602,0.9490689635276794
denoise15,0065,31.730587702708213,0.908675491809845
denoise15,0066,33.421651762210864,0.9259867668151855
denoise15,0067,32.1084827938388,0.9597437977790833
denoise25,0000,40.23531612114318,0.9687990546226501
denoise25,0001,30.08436597790165,0.8625974655151367
denoise25,0002,34.636176661051195,0.9001705050468445
denoise25,0003,30.616362144862983,0.8679690957069397
denoise25,0004,30.306389102110998,0.8765705227851868
denoise25,0005,31.4009126119373,0.8459758162498474
denoise25,0006,31.914460990911255,0.9446649551391602
denoise25,0007,27.567479691448497,0.9256275296211243
denoise25,0008,28.248992964282223,0.84124755859375
denoise25,0009,32.28366055992742,0.918597936630249
denoise25,0010,32.16889843948711,0.9015441536903381
denoise25,0011,32.84449243945008,0.9053651690483093
denoise25,0012,29.897779629338864,0.8962750434875488
denoise25,0013,35.003745329346955,0.9323239922523499
denoise25,0014,30.808549508341745,0.8854807019233704
denoise25,0015,28.71250088886567,0.8596479296684265
denoise25,0016,31.29774446732597,0.8984645009040833
denoise25,0017,31.81869621919833,0.8858752846717834
denoise25,0018,31.402604662510605,0.9216394424438477
denoise25,0019,31.801130783814678,0.8947804570198059
denoise25,0020,32.852911795191886,0.8941338658332825
denoise25,0021,29.83020673001446,0.865142822265625
denoise25,0022,30.630450301155427,0.9135404229164124
denoise25,0023,34.649025301022874,0.920107901096344
denoise25,0024,30.508961572668586,0.8712396621704102
denoise25,0025,31.092843956846327,0.8818188309669495
denoise25,0026,28.983290634880127,0.915327250957489
denoise25,0027,29.528032251387657,0.8850653767585754
denoise25,0028,31.161793817613678,0.9102461934089661
denoise25,0029,31.062844911650323,0.9091154932975769
denoise25,0030,31.877005063659475,0.9463068842887878
denoise25,0031,32.017093501188036,0.8825551867485046
denoise25,0032,34.930509181268434,0.9014402031898499
denoise25,0033,27.575455152445556,0.9175243377685547
denoise25,0034,31.926102935923723,0.8699226379394531
denoise25,0035,27.311810049828978,0.9058892130851746
denoise25,0036,29.151114753789905,0.9027701020240784
denoise25,0037,30.514251926831765,0.936404287815094
denoise25,0038,35.013870263651135,0.887866199016571
denoise25,0039,29.33650848698997,0.7240157127380371
denoise25,0040,30.59992846670079,0.8625266551971436
denoise25,0041,30.964762904281592,0.8586727976799011
denoise25,0042,34.952846584540524,0.939685046672821
denoise25,0043,30.207485647645022,0.8837907314300537
denoise25,0044,31.91316404227241,0.8684432506561279
denoise25,0045,32.43282054147946,0.9177360534667969
denoise25,0046,30.220373113533036,0.916759192943573
denoise25,0047,35.41680468968474,0.9080783724784851
denoise25,0048,28.99621252677527,0.8740894794464111
denoise25,0049,28.946645491300117,0.8823469281196594
denoise25,0050,33.251511850316774,0.8581449389457703
denoise25,0051,29.218356438126044,0.8686878085136414
denoise25,0052,30.79528104419051,0.8746132850646973
denoise25,0053,33.70296363285581,0.8710868954658508
denoise25,0054,32.95605492244129,0.8387579917907715
denoise25,0055,31.48706693266137,0.8855999112129211
denoise25,0056,29.923195433023835,0.8716993927955627
denoise25,0057,26.674672850545882,0.8901927471160889
denoise25,0058,30.395104382728235,0.8924699425697327
denoise25,0059,32.47099117394387,0.8413665890693665
denoise25,0060,32.100057181132655,0.8463655114173889
denoise25,0061,32.754347395364334,0.8517991900444031
denoise25,0062,32.33406236198959,0.8552080988883972
denoise25,0063,35.80942603113816,0.9486124515533447
denoise25,0064,28.983255029818295,0.903995931148529
denoise25,0065,29.02567091476937,0.8377025127410889
denoise25,0066,30.789964126531192,0.8782340884208679
denoise25,0067,28.900940585928318,0.923048734664917
denoise50,0000,37.117944289850364,0.9567062258720398
denoise50,0001,26.752670165471795,0.7501387596130371
denoise50,0002,31.941929081957067,0.8376577496528625
denoise50,0003,27.43526937576653,0.7633861899375916
denoise50,0004,27.14041990296671,0.7719209790229797
denoise50,0005,28.416772828760134,0.7645387053489685
denoise50,0006,28.073439028610565,0.8935105204582214
denoise50,0007,23.79675564408018,0.8326932787895203
denoise50,0008,24.998162448970078,0.7005223631858826
denoise50,0009,29.013285147282378,0.8476521372795105
denoise50,0010,28.837800617703508,0.8433582782745361
denoise50,0011,29.474860799195515,0.8222671151161194
denoise50,0012,26.431596790408754,0.7838706970214844
denoise50,0013,32.00681704330783,0.879168689250946
denoise50,0014,27.409842882586965,0.7817714214324951
denoise50,0015,25.142349871716885,0.7213628888130188
denoise50,0016,28.002583369500293,0.806463897228241
denoise50,0017,28.62976607629345,0.7872646450996399
denoise50,0018,27.76241783059224,0.8510940074920654
denoise50,0019,28.614723677877475,0.7983332276344299
denoise50,0020,29.64370637954541,0.8289985656738281
denoise50,0021,26.339130102164866,0.7571242451667786
denoise50,0022,26.890921015557588,0.8325519561767578
denoise50,0023,31.73750177550355,0.8705658912658691
denoise50,0024,27.204913049213786,0.7658231854438782
denoise50,0025,27.63847676980607,0.8068421483039856
denoise50,0026,25.088602534234678,0.8345672488212585
denoise50,0027,26.044389538482065,0.7771565318107605
denoise50,0028,27.43698311822552,0.8277245163917542
denoise50,0029,27.543809103790856,0.8278870582580566
denoise50,0030,28.40711862933954,0.89288729429245
denoise50,0031,28.786985460710174,0.7941166758537292
denoise50,0032,31.95270008796673,0.8475062847137451
denoise50,0033,23.415553539294628,0.7989754676818848
denoise50,0034,28.727525048832018,0.7630637288093567
denoise50,0035,23.47751568176482,0.776986837387085
denoise50,0036,25.5513598631984,0.7904312014579773
denoise50,0037,26.879328855673677,0.8769374489784241
denoise50,0038,32.6149235477873,0.8491433262825012
denoise50,0039,27.210882521464793,0.5249989628791809
denoise50,0040,27.78346854423404,0.7468383312225342
denoise50,0041,27.732784349269743,0.7369492650032043
denoise50,0042,31.459116430620533,0.8908884525299072
denoise50,0043,26.834357807790795,0.7735901474952698
denoise50,0044,28.635065772096283,0.7790263295173645
denoise50,0045,28.846024148904206,0.8493094444274902
denoise50,0046,26.50630861835915,0.8184234499931335
denoise50,0047,32.6456274277565,0.8446722030639648
denoise50,0048,25.409340820405433,0.7582314014434814
denoise50,0049,25.515451457999653,0.7573676109313965
denoise50,0050,30.70346421382687,0.7916423678398132
denoise50,0051,25.97215663632982,0.7509966492652893
denoise50,0052,27.38875105342633,0.7713527679443359
denoise50,0053,31.168049094758036,0.801203727722168
denoise50,0054,30.489836253957712,0.7398646473884583
denoise50,0055,28.200587318366942,0.7993349432945251
denoise50,0056,26.499302254636778,0.756009578704834
denoise50,0057,22.915664927205256,0.735952615737915
denoise50,0058,27.28052062883076,0.7876010537147522
denoise50,0059,30.177789443735627,0.7582570910453796
denoise50,0060,29.56118890793328,0.7538635730743408
denoise50,0061,30.1086090528347,0.7675947546958923
denoise50,0062,29.133343648370726,0.7610228657722473
denoise50,0063,32.57797117535836,0.9228673577308655
denoise50,0064,25.31688504003987,0.7878778576850891
denoise50,0065,25.976491400602274,0.6951003074645996
denoise50,0066,27.6264548721924,0.787418782711029
denoise50,0067,25.065102071014383,0.831852376461029
derain,1,37.46511827346635,0.9789794087409973
derain,10,38.57912941780095,0.9865198135375977
derain,100,33.50711063335824,0.9623343348503113
derain,11,37.01406490599765,0.9698996543884277
derain,12,38.5103506404075,0.9811738133430481
derain,13,39.92449946374879,0.9809713363647461
derain,14,38.52190934083782,0.9809446334838867
derain,15,40.17993836862908,0.9754319787025452
derain,16,33.49104102007753,0.9726755023002625
derain,17,42.66460821592409,0.9901807904243469
derain,18,40.447798212284084,0.9767234921455383
derain,19,34.43784890458909,0.9720878601074219
derain,2,37.81629034215809,0.9629769921302795
derain,20,36.80750954496774,0.9788476824760437
derain,21,40.413705552162085,0.9852201342582703
derain,22,37.34033344201955,0.9820383191108704
derain,23,39.41832874516754,0.981960117816925
derain,24,22.75355279790993,0.9263213276863098
derain,25,32.35609633903451,0.9607958793640137
derain,26,36.23220496600102,0.9856846332550049
derain,27,37.501748531877276,0.9819309711456299
derain,28,31.063654461806173,0.9735588431358337
derain,29,41.66336136813392,0.985974133014679
derain,3,40.16979775433082,0.9947526454925537
derain,30,38.48716363527076,0.9825735688209534
derain,31,41.142347887818616,0.9923407435417175
derain,32,40.00767946857521,0.9835426807403564
derain,33,39.23219360329082,0.9853296279907227
derain,34,35.280144987011724,0.9732336401939392
derain,35,36.05517287703483,0.9631171822547913
derain,36,39.27234399290862,0.9851527214050293
derain,37,34.90270395962014,0.9728579521179199
derain,38,39.34367205556291,0.9894692897796631
derain,39,37.836301412867556,0.9855225682258606
derain,4,39.56891571348278,0.994425356388092
derain,40,38.50964255400173,0.9824972152709961
derain,41,35.98325239127838,0.9759860038757324
derain,42,35.26749791853202,0.9718042016029358
derain,43,39.341829708807865,0.9851399064064026
derain,44,36.59481652567762,0.9853515028953552
derain,45,39.976331284551456,0.9926699995994568
derain,46,36.71200303666191,0.9884266257286072
derain,47,38.04558427492748,0.9791294932365417
derain,48,38.88233484660435,0.9774093627929688
derain,49,38.1516030353611,0.9828284382820129
derain,5,37.860435349047926,0.9703798294067383
derain,50,42.39671897270951,0.9858953356742859
derain,51,33.25725575320371,0.9756278395652771
derain,52,38.09637270359408,0.9745328426361084
derain,53,34.07236258644877,0.963486909866333
derain,54,43.082602925463725,0.9930881857872009
derain,55,31.857173445808673,0.9642283320426941
derain,56,34.89835134351996,0.9683383107185364
derain,57,34.47441964386218,0.9727620482444763
derain,58,34.604492420182176,0.9716646075248718
derain,59,34.15531194394368,0.9783701300621033
derain,6,34.59412862921058,0.9731709957122803
derain,60,42.936552800315795,0.9893048405647278
derain,61,34.29999804938609,0.9628570675849915
derain,62,37.623214592964295,0.9803967475891113
derain,63,34.6581956712494,0.9785661697387695
derain,64,38.749418304556,0.9732314944267273
derain,65,32.00188371643589,0.9658070206642151
derain,66,41.42757203754161,0.9833745956420898
derain,67,36.746945984022595,0.984130322933197
derain,68,38.7962279029907,0.9851943850517273
derain,69,38.36425464499514,0.9859458804130554
derain,7,34.48185376004143,0.9620566964149475
derain,70,37.41373137082002,0.9794518947601318
derain,71,38.16476907153123,0.9769530892372131
derain,72,47.54995922852515,0.9942802786827087
derain,73,35.16232229683788,0.9680665135383606
derain,74,42.0289725836482,0.9908166527748108
derain,75,34.752559450183824,0.9752180576324463
derain,76,35.20677433078977,0.9732778668403625
derain,77,37.98975419717247,0.9844872355461121
derain,78,43.67796502993069,0.9827257990837097
derain,79,40.7634818653493,0.9782793521881104
derain,8,36.372798412184245,0.9672134518623352
derain,80,41.056816380129966,0.986212432384491
derain,81,40.545692743769244,0.9942951798439026
derain,82,35.49125734686291,0.9839176535606384
derain,83,41.08628295746392,0.9814023971557617
derain,84,33.53879291091151,0.9768931269645691
derain,85,34.30883113283216,0.9902739524841309
derain,86,37.853231653551774,0.9872312545776367
derain,87,36.02978781495602,0.9749440550804138
derain,88,37.03368880430818,0.9754486083984375
derain,89,43.706825685777495,0.9822425246238708
derain,9,36.79669711285139,0.9827370047569275
derain,90,39.20559308637691,0.9872362017631531
derain,91,37.144094889950175,0.9770865440368652
derain,92,35.36551183033729,0.9860509037971497
derain,93,33.430414948934846,0.9774757027626038
derain,94,36.85406553282749,0.970916748046875
derain,95,36.85486835282533,0.9527761340141296
derain,96,38.832169772171625,0.9802712798118591
derain,97,36.31897953380773,0.9828316569328308
derain,98,42.32270504950459,0.9893724918365479
derain,99,30.788669864199978,0.9723715782165527
dehaze,0001_0.8_0.2,32.951505599348906,0.9891595840454102
dehaze,0002_0.8_0.08,23.174575471102305,0.9513632655143738
dehaze,0003_0.8_0.2,36.32205739699665,0.9904003739356995
dehaze,0004_0.9_0.12,39.260917496649,0.9925315380096436
dehaze,0006_0.85_0.08,32.811936932694316,0.99041348695755
dehaze,0007_0.9_0.16,28.665628170898753,0.9835271835327148
dehaze,0009_0.8_0.16,29.83400756103538,0.9752646088600159
dehaze,0010_0.95_0.16,30.265285121484197,0.9728517532348633
dehaze,0011_0.95_0.16,30.965809494352776,0.9667668342590332
dehaze,0014_0.8_0.12,21.711078599965038,0.9716833233833313
dehaze,0016_0.8_0.08,26.098953209386377,0.977783739566803
dehaze,0017_0.9_0.08,38.27720151022665,0.9934479594230652
dehaze,0018_0.9_0.2,34.25464177907553,0.9887409806251526
dehaze,0019_0.8_0.16,27.376327489204936,0.9810821413993835
dehaze,0021_0.8_0.08,26.16336998878451,0.9822656512260437
dehaze,0022_0.8_0.08,21.05261200378772,0.9469180703163147
dehaze,0023_0.85_0.12,27.097875745028958,0.9378239512443542
dehaze,0024_0.85_0.08,34.124207340698106,0.9792307019233704
dehaze,0025_0.8_0.16,34.89561434446349,0.9870885014533997
dehaze,0026_0.95_0.08,34.90738607300005,0.9894594550132751
dehaze,0029_0.85_0.08,30.72486958934161,0.9856395125389099
dehaze,0030_0.95_0.12,34.49573628001693,0.9905080199241638
dehaze,0033_0.85_0.08,29.74053214132871,0.9858627915382385
dehaze,0034_0.9_0.16,26.174005271545575,0.9663634896278381
dehaze,0036_1_0.08,23.171450924110502,0.960982620716095
dehaze,0039_0.9_0.2,34.191249659612765,0.9836924076080322
dehaze,0040_1_0.08,35.403144703900956,0.9931542873382568
dehaze,0042_0.8_0.2,30.422351669606243,0.985081672668457
dehaze,0045_0.8_0.16,23.37191031629125,0.9767007231712341
dehaze,0046_0.9_0.16,30.263487785709362,0.9800850749015808
dehaze,0047_0.9_0.12,36.73503790456091,0.992968738079071
dehaze,0048_0.9_0.2,25.279326760512994,0.9824581742286682
dehaze,0049_0.85_0.12,31.17338458353376,0.9933695793151855
dehaze,0051_0.8_0.2,34.77919312864008,0.9879353642463684
dehaze,0051_0.95_0.12,37.54448442118932,0.9905024170875549
dehaze,0052_0.9_0.16,25.718469959727067,0.9708085060119629
dehaze,0053_0.9_0.12,28.65359349414737,0.9750189781188965
dehaze,0054_0.85_0.16,37.03601453576149,0.987957775592804
dehaze,0055_0.85_0.12,36.9970651890874,0.9919137954711914
dehaze,0056_0.8_0.16,31.452074358254833,0.9892584681510925
dehaze,0057_0.8_0.12,26.832208513860543,0.9876477122306824
dehaze,0058_0.8_0.2,33.2626442213883,0.9856074452400208
dehaze,0059_0.9_0.12,30.04649366753654,0.9875141978263855
dehaze,0060_0.9_0.2,29.9867186783395,0.9748454689979553
dehaze,0061_0.8_0.2,29.077642210298855,0.9783551692962646
dehaze,0062_0.9_0.2,27.370077547302543,0.9738326072692871
dehaze,0063_0.8_0.16,23.211406279036318,0.9691856503486633
dehaze,0064_0.8_0.2,31.172273186334067,0.9772448539733887
dehaze,0065_0.9_0.12,31.470177599601755,0.9901483058929443
dehaze,0066_1_0.08,37.267713040305864,0.9948700070381165
dehaze,0068_1_0.16,26.100033578298852,0.9710676670074463
dehaze,0069_0.9_0.16,25.920503012138603,0.9591233730316162
dehaze,0070_0.9_0.12,30.775849054914758,0.9888336062431335
dehaze,0071_0.8_0.2,30.497601234409167,0.9841869473457336
dehaze,0072_0.9_0.2,29.5859697580023,0.9797122478485107
dehaze,0073_0.8_0.16,34.68248117188705,0.9604048132896423
dehaze,0074_0.8_0.2,33.137809049054674,0.9619512557983398
dehaze,0075_0.8_0.2,25.64640613630654,0.9773829579353333
dehaze,0076_0.8_0.2,24.024240385742264,0.9658830165863037
dehaze,0076_1_0.16,23.995307897438714,0.9665217399597168
dehaze,0077_0.8_0.2,32.49356983642903,0.9750064015388489
dehaze,0079_0.8_0.12,31.205064788242574,0.9908847212791443
dehaze,0081_0.8_0.2,21.664035622442803,0.9720156192779541
dehaze,0082_0.85_0.16,33.38446350265925,0.9885217547416687
dehaze,0083_0.85_0.12,30.1059557144063,0.9883432984352112
dehaze,0084_0.95_0.16,34.09022840927416,0.9869697690010071
dehaze,0085_0.95_0.08,36.24177680537406,0.9864895939826965
dehaze,0086_0.8_0.2,34.44421433791359,0.9771801829338074
dehaze,0086_0.95_0.12,36.13206933883785,0.9828565716743469
dehaze,0087_0.9_0.16,32.81515160270701,0.9864396452903748
dehaze,0088_0.9_0.12,33.40017189310005,0.9897913336753845
dehaze,0089_0.9_0.2,27.876273035016833,0.9733497500419617
dehaze,0090_0.85_0.12,30.456323555959397,0.990942656993866
dehaze,0091_0.85_0.2,22.1805700833282,0.9614474773406982
dehaze,0092_0.85_0.2,31.013504838569148,0.9835464954376221
dehaze,0093_0.8_0.08,18.120756837215826,0.9284858703613281
dehaze,0094_0.8_0.2,26.640955548119365,0.9777420163154602
dehaze,0095_0.8_0.08,30.04022023441466,0.9869552254676819
dehaze,0096_0.8_0.2,35.15285579809834,0.9897919297218323
dehaze,0097_0.85_0.08,33.982170423418204,0.9933576583862305
dehaze,0098_0.85_0.2,30.830156052180264,0.9838373064994812
dehaze,0099_0.9_0.16,32.14574661399866,0.98659747838974
dehaze,0100_0.9_0.12,23.716074299409854,0.9647600650787354
dehaze,0101_0.9_0.08,38.508761979355896,0.9922991394996643
dehaze,0102_0.85_0.12,30.377783137702792,0.9838917851448059
dehaze,0104_0.95_0.12,29.522111939898004,0.980069637298584
dehaze,0105_0.95_0.2,23.756994660911744,0.9590039253234863
dehaze,0106_0.9_0.08,20.236143196319016,0.9537131190299988
dehaze,0107_0.9_0.08,29.00495132245544,0.9906153678894043
dehaze,0108_0.8_0.16,33.81138077652063,0.970535933971405
dehaze,0108_1_0.2,28.44413698030593,0.949308454990387
dehaze,0109_0.85_0.08,30.070978404846326,0.989509105682373
dehaze,0110_0.8_0.12,34.449752712517096,0.9909501671791077
dehaze,0111_0.8_0.2,34.01088880516562,0.9810738563537598
dehaze,0112_0.8_0.2,20.817050468623822,0.9662367701530457
dehaze,0113_0.9_0.08,40.638569580823386,0.9889617562294006
dehaze,0115_0.8_0.12,31.484750945464484,0.9864900708198547
dehaze,0116_0.9_0.16,28.44303501371559,0.9821548461914062
dehaze,0117_0.9_0.12,26.087024428392876,0.9842212200164795
dehaze,0118_0.9_0.2,25.347905194188428,0.9649733901023865
dehaze,0119_0.85_0.12,29.36739505760441,0.9862666726112366
dehaze,0120_0.85_0.08,31.46577313295074,0.9891346096992493
dehaze,0121_0.85_0.2,34.31105943754462,0.9865103363990784
dehaze,0123_1_0.08,38.61879123145499,0.9886086583137512
dehaze,0125_0.8_0.12,26.74272778178331,0.9848776459693909
dehaze,0126_0.8_0.2,30.42307138371616,0.9847490787506104
dehaze,0127_0.8_0.2,23.400473493717055,0.9784274101257324
dehaze,0129_0.8_0.16,36.33284237473723,0.9907109141349792
dehaze,0131_0.95_0.08,26.26873425587954,0.9772720336914062
dehaze,0132_1_0.08,26.68292440384851,0.9820972084999084
dehaze,0133_1_0.2,25.12459470219618,0.9569454193115234
dehaze,0134_0.95_0.16,29.733333666308003,0.9675214290618896
dehaze,0135_0.95_0.12,26.71698607468185,0.9656837582588196
dehaze,0137_0.8_0.2,28.717332830123162,0.9806365966796875
dehaze,0138_0.9_0.08,34.87859720940418,0.9849905371665955
dehaze,0139_0.85_0.12,31.722119060043585,0.9834875464439392
dehaze,0140_0.95_0.12,31.47807364016995,0.9855902791023254
dehaze,0141_0.95_0.12,33.06437570267116,0.9855623245239258
dehaze,0142_0.95_0.08,34.65807523267443,0.9904658198356628
dehaze,0143_1_0.2,28.9539127115213,0.9646421074867249
dehaze,0145_0.8_0.12,18.45732820745893,0.9055456519126892
dehaze,0146_0.8_0.2,25.63540944754187,0.9597927927970886
dehaze,0147_1_0.16,32.034164237700246,0.9797346591949463
dehaze,0148_0.9_0.12,32.93458931078373,0.9507879614830017
dehaze,0149_0.9_0.08,36.55990125087215,0.9860429763793945
dehaze,0150_0.8_0.16,17.281701190656605,0.9174923896789551
dehaze,0151_0.8_0.08,26.90624895143801,0.9822930693626404
dehaze,0152_0.8_0.2,23.727751896757006,0.9678866863250732
dehaze,0153_0.8_0.08,30.548903057165447,0.9779603481292725
dehaze,0154_0.8_0.2,23.23631462992615,0.9668620228767395
dehaze,0155_1_0.08,29.524529305466352,0.9890556335449219
dehaze,0157_0.8_0.08,31.947832569441296,0.9908682703971863
dehaze,0158_0.8_0.2,23.34775851565583,0.9607756733894348
dehaze,0160_0.9_0.2,16.889754131342528,0.8511199951171875
dehaze,0161_0.85_0.08,18.196837997244536,0.9150366187095642
dehaze,0162_0.95_0.12,20.738411840965078,0.9487423896789551
dehaze,0163_0.95_0.08,29.901328218331898,0.9900358319282532
dehaze,0164_0.9_0.2,29.74425240287271,0.9777882695198059
dehaze,0165_0.9_0.2,28.084993198545174,0.97037273645401
dehaze,0166_0.8_0.16,24.258324036480538,0.9685681462287903
dehaze,0167_0.8_0.12,25.35270104089645,0.9729055762290955
dehaze,0168_0.9_0.16,26.673301934981342,0.9650714993476868
dehaze,0169_0.9_0.12,35.32601207689166,0.9825863838195801
dehaze,0170_0.8_0.2,25.809198534187278,0.9687061309814453
dehaze,0171_0.85_0.12,35.43487273495664,0.9887089133262634
dehaze,0172_0.85_0.08,39.04293712649478,0.9938366413116455
dehaze,0174_0.95_0.08,33.11171196794029,0.9924941658973694
dehaze,0175_0.85_0.16,34.20435908813693,0.986109733581543
dehaze,0176_1_0.08,37.19217348915473,0.9897449612617493
dehaze,0178_0.8_0.12,32.9279331753522,0.9889791011810303
dehaze,0179_0.8_0.2,33.152227350188895,0.9848792552947998
dehaze,0180_0.85_0.16,31.677081731513677,0.9899498820304871
dehaze,0181_0.9_0.08,35.79226818469906,0.9927909970283508
dehaze,0182_0.8_0.16,25.382630140451287,0.9728559851646423
dehaze,0183_0.8_0.16,36.70949635920049,0.9858755469322205
dehaze,0184_0.95_0.12,33.42068503102097,0.99345463514328
dehaze,0185_1_0.16,23.180730358377343,0.9518723487854004
dehaze,0187_0.9_0.2,31.606603194228242,0.9864701628684998
dehaze,0188_0.85_0.08,27.44565099395206,0.9844799041748047
dehaze,0189_0.85_0.2,33.794093047987374,0.9722558856010437
dehaze,0191_1_0.08,36.62893838590583,0.9899459481239319
dehaze,0194_1_0.2,31.175575756502823,0.9563627243041992
dehaze,0195_1_0.08,33.744848108668265,0.9876747727394104
dehaze,0196_0.9_0.2,33.85994000622516,0.9854558110237122
dehaze,0197_0.8_0.16,37.313083776232595,0.9877660274505615
dehaze,0198_0.95_0.12,30.505047016097855,0.9785645604133606
dehaze,0199_1_0.16,33.59908792937999,0.9874486923217773
dehaze,0200_1_0.12,33.737545845662254,0.9846809506416321
dehaze,0201_1_0.08,38.093531549721725,0.9856954216957092
dehaze,0202_0.85_0.12,33.86618845415087,0.9862099289894104
dehaze,0204_0.8_0.08,31.960209110715716,0.991916835308075
dehaze,0205_1_0.16,30.539085821952323,0.981193482875824
dehaze,0206_1_0.12,31.186461195514973,0.988396942615509
dehaze,0207_1_0.08,32.760504827504946,0.987529456615448
dehaze,0208_0.8_0.16,34.18547741655371,0.9920818209648132
dehaze,0209_0.85_0.08,31.60210759904036,0.9837353825569153
dehaze,0210_0.85_0.2,30.62346704426337,0.9842662215232849
dehaze,0212_0.9_0.2,29.2972116065408,0.9850020408630371
dehaze,0213_1_0.2,29.761768195138355,0.9536151885986328
dehaze,0215_0.8_0.08,34.46088741137774,0.9762926697731018
dehaze,0216_1_0.12,25.060779066324468,0.979108989238739
dehaze,0217_1_0.2,35.14416389712673,0.9875543117523193
dehaze,0218_0.9_0.2,30.483572311030564,0.9871129989624023
dehaze,0219_0.85_0.08,23.57246331237269,0.9739223122596741
dehaze,0220_0.85_0.2,19.896117043821985,0.9470247626304626
dehaze,0222_0.85_0.16,27.480415872713415,0.980035126209259
dehaze,0223_0.95_0.16,26.26904089406038,0.9797460436820984
dehaze,0225_0.8_0.2,28.54332270185393,0.9768481850624084
dehaze,0226_0.8_0.2,21.24258370699632,0.9706540107727051
dehaze,0228_1_0.2,29.565188101416368,0.9714751839637756
dehaze,0230_0.9_0.16,17.61674822921441,0.8852537274360657
dehaze,0233_0.8_0.12,29.908548461867994,0.9920096397399902
dehaze,0235_0.9_0.08,29.926300562898348,0.9770899415016174
dehaze,0237_0.8_0.12,29.873012015680263,0.986262321472168
dehaze,0238_0.8_0.2,30.59093772642713,0.9805374145507812
dehaze,0239_0.8_0.2,20.195523395983372,0.9567787647247314
dehaze,0240_1_0.08,32.534658425791825,0.986242949962616
dehaze,0242_0.8_0.12,26.334491958350487,0.9819681644439697
dehaze,0243_0.8_0.08,22.157965518537395,0.9440978169441223
dehaze,0244_0.9_0.12,34.880487391495905,0.9874503016471863
dehaze,0245_1_0.2,28.61008306176844,0.9778911471366882
dehaze,0246_0.85_0.12,32.57726366029668,0.9792278409004211
dehaze,0248_0.8_0.08,31.36881482655774,0.9666642546653748
dehaze,0249_1_0.12,32.473883504710855,0.9838929176330566
dehaze,0251_0.8_0.16,32.89132439301399,0.9792547821998596
dehaze,0253_0.8_0.2,21.015100684586947,0.9584546089172363
dehaze,0253_1_0.16,25.051682865569,0.9699521064758301
dehaze,0255_0.85_0.08,39.42042144941974,0.9911203980445862
dehaze,0256_0.95_0.16,28.5701815798939,0.9513384699821472
dehaze,0258_0.8_0.2,37.22933422891162,0.9847311973571777
dehaze,0259_0.9_0.08,39.96589894864965,0.9857023358345032
dehaze,0260_0.9_0.2,38.22614078425605,0.9878962635993958
dehaze,0261_0.85_0.08,34.17355902086233,0.9833562970161438
dehaze,0262_0.95_0.12,36.3622177033855,0.9798784852027893
dehaze,0263_0.95_0.08,31.83244670282921,0.980573832988739
dehaze,0264_0.95_0.2,20.96111850913061,0.9398216605186462
dehaze,0266_0.8_0.12,24.528727128793513,0.9673108458518982
dehaze,0267_0.9_0.16,21.798869363261776,0.9469544291496277
dehaze,0268_0.9_0.16,31.854462418054514,0.9833845496177673
dehaze,0269_0.95_0.2,19.167055679195357,0.9378042221069336
dehaze,0270_0.85_0.16,29.302963417853665,0.9793326258659363
dehaze,0271_0.85_0.12,30.012437288990974,0.9684579968452454
dehaze,0272_0.85_0.08,27.807460765457478,0.985015332698822
dehaze,0273_0.85_0.2,17.516664786845617,0.911108672618866
dehaze,0274_0.95_0.12,21.49767588159834,0.9611079692840576
dehaze,0275_1_0.16,35.32824752033199,0.9862305521965027
dehaze,0276_1_0.12,31.644384047965595,0.9734694361686707
dehaze,0277_1_0.08,36.5642456128176,0.9868473410606384
dehaze,0279_0.8_0.12,26.07517870095645,0.986398458480835
dehaze,0280_0.9_0.16,27.242324557438124,0.9758610725402832
dehaze,0281_0.9_0.12,26.288325873673184,0.9798323512077332
dehaze,0282_0.85_0.16,32.11359142246383,0.9906706809997559
dehaze,0283_0.85_0.12,31.202703298217887,0.9860542416572571
dehaze,0284_0.8_0.16,36.46769889020413,0.9924275279045105
dehaze,0285_0.85_0.2,36.24840686741931,0.9915102124214172
dehaze,0286_0.8_0.08,22.022730944339553,0.9629109501838684
dehaze,0287_0.8_0.2,24.711893497807786,0.9781997203826904
dehaze,0287_0.95_0.08,36.93488564625443,0.9914728999137878
dehaze,0288_0.95_0.2,34.72529186229857,0.9841352105140686
dehaze,0290_0.85_0.08,31.891650127891996,0.988701343536377
dehaze,0291_0.95_0.12,19.03897564181419,0.9096148610115051
dehaze,0292_1_0.16,21.38464396349582,0.9420892596244812
dehaze,0294_1_0.2,28.078855735997884,0.9749253392219543
dehaze,0295_0.85_0.08,36.122355060624585,0.9898145198822021
dehaze,0296_0.95_0.12,34.70156867390041,0.9888128638267517
dehaze,0297_0.95_0.08,36.47257942303106,0.9910836219787598
dehaze,0298_1_0.12,38.89813744973778,0.994983434677124
dehaze,0299_0.9_0.08,31.508571197345226,0.9874849319458008
dehaze,0300_1_0.2,18.293156568776563,0.8985762000083923
dehaze,0302_0.9_0.16,21.38071178656196,0.9612687230110168
dehaze,0303_0.9_0.12,24.024485592244265,0.972930908203125
dehaze,0304_0.9_0.08,31.653303744004425,0.9872265458106995
dehaze,0305_0.9_0.2,27.190386666529534,0.97291499376297
dehaze,0306_0.8_0.16,24.57424478335696,0.9721911549568176
dehaze,0307_0.8_0.12,25.507332596204655,0.9737817645072937
dehaze,0308_1_0.16,30.135368112439018,0.9884755611419678
dehaze,0309_1_0.08,24.258265272607858,0.9716609120368958
dehaze,0311_0.8_0.16,26.279076390544596,0.9785658717155457
dehaze,0312_0.8_0.12,30.51009122540892,0.9912093281745911
dehaze,0313_0.8_0.2,31.006529659813648,0.9902456402778625
dehaze,0314_0.9_0.12,29.04526574084381,0.9795241355895996
dehaze,0315_0.85_0.16,30.335637883871563,0.9848726391792297
dehaze,0316_0.85_0.12,36.0435394364193,0.9911195635795593
dehaze,0317_0.85_0.08,32.530343526104765,0.9876127243041992
dehaze,0318_0.85_0.2,28.762072468883133,0.956028163433075
dehaze,0319_0.9_0.16,33.53533168561049,0.9861660599708557
dehaze,0320_0.9_0.08,37.81563752925938,0.991008996963501
dehaze,0320_1_0.16,32.28307081353456,0.982025682926178
dehaze,0321_1_0.12,34.50645055231641,0.9709928631782532
dehaze,0323_0.8_0.16,26.667473794839026,0.9745445251464844
dehaze,0324_0.8_0.12,32.3546423281459,0.9904153943061829
dehaze,0325_0.9_0.16,20.71749678983672,0.9515530467033386
dehaze,0326_0.9_0.12,23.171275468586057,0.969189465045929
dehaze,0327_1_0.08,32.78699733773457,0.989494800567627
dehaze,0329_0.8_0.12,33.74681846004367,0.9870423674583435
dehaze,0330_0.8_0.08,37.58903486466138,0.99287348985672
dehaze,0330_0.95_0.12,34.05816461624728,0.9903745055198669
dehaze,0331_0.95_0.12,30.837990733619478,0.9885990619659424
dehaze,0332_0.95_0.08,30.685366023376623,0.9843087196350098
dehaze,0333_0.95_0.2,21.648553604622,0.9576944708824158
dehaze,0334_1_0.08,34.65751002876564,0.9887686371803284
dehaze,0335_1_0.2,15.440553862962354,0.8428606986999512
dehaze,0337_0.8_0.08,16.929985920713474,0.90519779920578
dehaze,0338_0.9_0.12,21.976949515826178,0.9697344899177551
dehaze,0340_0.85_0.08,30.290682464216992,0.9814052581787109
dehaze,0341_0.85_0.2,23.836618355350083,0.9588696956634521
dehaze,0342_0.95_0.08,34.31374856438065,0.9852959513664246
dehaze,0343_0.95_0.2,32.12052886156217,0.9846041798591614
dehaze,0344_0.85_0.16,35.038776572181696,0.9900808334350586
dehaze,0345_0.85_0.12,32.48061411820916,0.9809436798095703
dehaze,0346_0.95_0.16,33.56542896272821,0.9865776896476746
dehaze,0348_0.8_0.2,37.00271032002019,0.9669874310493469
dehaze,0349_0.9_0.08,35.11767131320512,0.9895157217979431
dehaze,0350_0.85_0.12,32.29111391459555,0.9818889498710632
dehaze,0351_0.95_0.16,30.931428933991135,0.9896867871284485
dehaze,0353_0.9_0.12,37.89881559320447,0.9876255393028259
dehaze,0354_0.9_0.08,34.59585560717699,0.9867295622825623
dehaze,0355_0.85_0.12,33.611208964834965,0.9865205883979797
dehaze,0356_0.85_0.08,36.50001849606909,0.9890692234039307
dehaze,0357_0.95_0.12,33.58516089711871,0.9810615181922913
dehaze,0359_0.85_0.16,35.71867700071499,0.9854843020439148
dehaze,0361_0.85_0.2,31.93385451113453,0.988016664981842
dehaze,0362_0.95_0.08,36.04153429399102,0.9931666254997253
dehaze,0364_0.85_0.12,29.115594647971083,0.9737970232963562
dehaze,0366_0.9_0.16,28.612441317883555,0.9844098091125488
dehaze,0369_0.85_0.2,35.99974944721782,0.9745855331420898
dehaze,0371_0.9_0.08,34.06047073899894,0.9837620258331299
dehaze,0372_0.85_0.12,38.652358865628955,0.9887325763702393
dehaze,0375_0.85_0.16,34.51313536362956,0.9904863238334656
dehaze,0380_0.85_0.2,30.841229265961285,0.976902961730957
dehaze,0382_0.9_0.08,34.44793114582205,0.992112934589386
dehaze,0383_0.9_0.2,33.63055090532757,0.9815995097160339
dehaze,0385_0.8_0.08,41.77819334030909,0.9889004826545715
dehaze,0386_1_0.12,34.029758517865005,0.9849250912666321
dehaze,0388_0.95_0.16,36.18700019409525,0.9824851155281067
dehaze,0390_0.9_0.12,33.12874152012306,0.9834138751029968
dehaze,0391_1_0.08,34.109512881013345,0.9869691729545593
dehaze,0392_1_0.2,31.859342323501497,0.9871487617492676
dehaze,0393_1_0.2,26.554014106908646,0.9838821291923523
dehaze,0395_0.95_0.08,33.53499278907638,0.9913679957389832
dehaze,0397_0.85_0.12,18.147703495704377,0.9195271134376526
dehaze,0399_0.8_0.08,28.557246347074884,0.9784347414970398
dehaze,0400_0.9_0.12,29.612876818479425,0.9836395382881165
dehaze,0402_0.8_0.16,32.296777113260795,0.9844385981559753
dehaze,0404_0.8_0.2,25.665519309362118,0.9754387736320496
dehaze,0405_1_0.08,27.259628903460346,0.9818925857543945
dehaze,0406_1_0.2,25.79032414572574,0.9786424040794373
dehaze,0407_0.95_0.16,24.281807400082084,0.9689507484436035
dehaze,0409_1_0.12,32.774589661585374,0.9884306788444519
dehaze,0411_0.95_0.16,33.608833753734345,0.9899852871894836
dehaze,0413_0.95_0.2,22.730627476010614,0.9478921890258789
dehaze,1001_0.8_0.16,34.994907729238825,0.985664427280426
dehaze,1002_1_0.16,35.17742347524467,0.9895753264427185
dehaze,1005_0.8_0.12,20.218388667639672,0.9447937607765198
dehaze,1006_1_0.16,18.974507995447397,0.9383360743522644
dehaze,1007_0.95_0.08,36.086154237889616,0.9895946383476257
dehaze,1008_0.9_0.12,36.65583261582276,0.9885072708129883
dehaze,1009_0.85_0.12,30.129622922633637,0.986961305141449
dehaze,1010_0.85_0.08,33.16021902773998,0.9912376403808594
dehaze,1011_0.95_0.12,30.731729229651734,0.9823392033576965
dehaze,1012_0.95_0.08,32.45095196003165,0.9889888167381287
dehaze,1015_0.8_0.12,24.03258518342478,0.9725866317749023
dehaze,1016_0.9_0.16,33.39474715766578,0.9837794303894043
dehaze,1018_0.85_0.12,23.240568087093795,0.9719088077545166
dehaze,1020_0.95_0.08,16.91123296576223,0.927280604839325
dehaze,1022_0.85_0.12,18.634237660437634,0.9039341807365417
dehaze,1027_0.8_0.08,31.724705450660707,0.9720208048820496
dehaze,1030_0.95_0.12,24.545190087769665,0.9637789726257324
dehaze,1034_0.9_0.16,29.325225555920902,0.9753706455230713
dehaze,1037_0.8_0.12,19.934639690074192,0.9418694376945496
dehaze,1038_1_0.16,18.94045769815619,0.9158312678337097
dehaze,1040_1_0.2,28.117052180577915,0.9760916233062744
dehaze,1042_0.95_0.08,37.300546244183515,0.9911053776741028
dehaze,1044_0.85_0.12,28.098052103909005,0.9379041790962219
dehaze,1046_0.9_0.16,35.70933179386547,0.9851746559143066
dehaze,1048_0.9_0.2,35.82816169316515,0.985532820224762
dehaze,1050_0.8_0.08,38.17894487424042,0.9878177642822266
dehaze,1051_1_0.12,37.70398315475849,0.9900367856025696
dehaze,1053_0.95_0.16,30.834755533547376,0.9876515865325928
dehaze,1055_0.95_0.2,34.13142239349889,0.9912514686584473
dehaze,1057_0.95_0.16,29.263303972790236,0.9853033423423767
dehaze,1059_0.95_0.2,29.09623944569011,0.9804254174232483
dehaze,1060_0.85_0.16,28.021330053491717,0.986311137676239
dehaze,1063_0.9_0.12,28.2938855345559,0.9845388531684875
dehaze,1709_0.95_0.08,32.799574939166284,0.9872673153877258
dehaze,1712_0.8_0.08,38.748889513558716,0.9914350509643555
dehaze,1713_1_0.08,41.21186465859549,0.9942951798439026
dehaze,1714_1_0.2,28.05136270813159,0.9348208904266357
dehaze,1716_0.95_0.12,35.00594933712745,0.9666164517402649
dehaze,1718_0.9_0.2,25.85101328329229,0.9713001847267151
dehaze,1722_0.95_0.16,38.82373610854111,0.9875801205635071
dehaze,1724_0.95_0.2,30.848369371907914,0.9823060035705566
dehaze,1726_0.85_0.12,31.593962212528226,0.9860065579414368
dehaze,1728_0.9_0.12,34.53651315812576,0.9884539246559143
dehaze,1730_0.85_0.08,34.29823787129817,0.9878425598144531
dehaze,1731_0.85_0.2,28.551611839116898,0.9815371036529541
dehaze,1732_0.95_0.2,25.468529561511204,0.9442903399467468
dehaze,1734_1_0.08,37.25809128475452,0.9912331700325012
dehaze,1736_0.8_0.08,37.470274504016906,0.9861745238304138
dehaze,1738_1_0.2,30.610198844548712,0.9776695370674133
dehaze,1741_0.85_0.16,27.805985828601184,0.9736354351043701
dehaze,1742_0.85_0.12,29.67303977304249,0.9858414530754089
dehaze,1743_0.85_0.08,33.836131962075775,0.9919247627258301
dehaze,1744_0.85_0.08,37.091261817529926,0.9904988408088684
dehaze,1747_0.8_0.16,25.60397170989518,0.9779987931251526
dehaze,1749_0.8_0.2,28.919583209024573,0.970938503742218
dehaze,1753_0.9_0.08,29.72693515832004,0.9864776730537415
dehaze,1756_0.9_0.12,25.42289371540141,0.9660852551460266
dehaze,1757_0.85_0.16,26.14838641654909,0.9792051315307617
dehaze,1759_0.8_0.12,29.239816626240312,0.959520161151886
dehaze,1760_1_0.16,28.75435461224239,0.9775285720825195
dehaze,1765_0.85_0.12,35.99535402043108,0.9912099838256836
dehaze,1771_1_0.08,29.953672241412246,0.9832951426506042
dehaze,1774_0.95_0.2,28.72439371031746,0.9698945879936218
dehaze,1778_0.9_0.08,23.84939978205899,0.9727162718772888
dehaze,1781_0.8_0.2,26.938829156172307,0.976900577545166
dehaze,1784_0.8_0.08,34.226140818020525,0.9930710792541504
dehaze,1790_1_0.16,36.60220823229935,0.9725256562232971
dehaze,1800_1_0.16,24.856483429929455,0.9777319431304932
dehaze,1805_0.85_0.12,30.723949059176224,0.9832800030708313
dehaze,1812_1_0.16,29.736834574073036,0.9580168128013611
dehaze,1815_1_0.2,33.47998005582349,0.9763194918632507
dehaze,1818_0.85_0.12,33.45426906197103,0.9883561730384827
dehaze,1821_0.8_0.08,39.48628088319311,0.9912858009338379
dehaze,1822_1_0.08,37.2685212916422,0.9896041750907898
dehaze,1824_0.95_0.08,37.1261389866305,0.9711169600486755
dehaze,1826_0.9_0.08,36.346856432601314,0.9900171756744385
dehaze,1828_0.85_0.08,43.17882921053056,0.9941512942314148
dehaze,1831_0.8_0.16,40.69114161635571,0.9924116134643555
dehaze,1832_0.95_0.08,41.51605524972689,0.9921687245368958
dehaze,1834_1_0.08,34.77036139784141,0.988032341003418
dehaze,1837_0.9_0.08,31.86264794085456,0.9847421050071716
dehaze,1839_0.8_0.12,36.158803023211725,0.9888208508491516
dehaze,1840_0.85_0.08,31.2111040996918,0.9912123680114746
dehaze,1843_0.8_0.12,30.41710718277201,0.9756844639778137
dehaze,1845_0.9_0.08,35.40756433085103,0.9890190958976746
dehaze,1846_0.9_0.08,28.02828597253339,0.9697626233100891
dehaze,1848_0.8_0.12,29.012178308534487,0.9820504784584045
dehaze,1849_1_0.12,27.538623753770473,0.9797723293304443
dehaze,1851_0.85_0.08,35.477564093736284,0.9822253584861755
dehaze,1852_0.85_0.08,40.072740916798,0.9831645488739014
dehaze,1853_0.85_0.08,37.95001514979741,0.993427574634552
dehaze,1855_0.9_0.08,40.687602557301815,0.9933720231056213
dehaze,1857_0.8_0.12,29.083732954570255,0.9822242259979248
dehaze,1858_0.95_0.08,27.919567021982473,0.9799375534057617
dehaze,1859_0.85_0.16,26.204036696000443,0.9843822121620178
dehaze,1861_0.85_0.2,23.180395949429315,0.957589864730835
dehaze,1862_0.8_0.12,29.62904378519735,0.9783480763435364
dehaze,1863_1_0.08,24.814753380706737,0.9789578318595886
dehaze,1865_0.85_0.08,26.581595023877483,0.9825699925422668
dehaze,1867_0.8_0.2,23.944701508573626,0.9718418717384338
dehaze,1868_1_0.08,39.49613138221182,0.9933918118476868
dehaze,1869_1_0.2,25.55050751723064,0.9861464500427246
dehaze,1871_0.95_0.08,37.03031321832592,0.9924643039703369
dehaze,1872_0.95_0.08,34.272526202226395,0.9916391968727112
dehaze,1873_0.85_0.16,32.454562699959496,0.9903790354728699
dehaze,1874_0.85_0.12,33.70791629662444,0.9875683784484863
dehaze,1875_0.85_0.08,37.960759078005886,0.9877707362174988
dehaze,1876_1_0.16,31.600144910592796,0.969362735748291
dehaze,1877_0.9_0.12,36.31348419112833,0.974071204662323
dehaze,1878_0.9_0.12,31.063294391947146,0.9841769337654114
dehaze,1879_0.9_0.08,37.02976304772471,0.9914174675941467
dehaze,1880_0.9_0.08,42.046329283424214,0.9955864548683167
dehaze,1881_0.8_0.16,28.042444571769455,0.9767177104949951
dehaze,1882_0.85_0.2,29.457806166458266,0.9858348369598389
dehaze,1883_0.8_0.12,29.817698298755474,0.9886989593505859
dehaze,1887_0.95_0.08,34.776238237823364,0.9916395545005798
dehaze,1889_0.85_0.08,41.99265715529627,0.989720344543457
dehaze,1891_0.9_0.16,34.672246339225445,0.9827816486358643
dehaze,1893_0.9_0.2,32.92058738315568,0.9746782183647156
dehaze,1896_0.9_0.08,32.76795797957857,0.9814512133598328
dehaze,1898_0.85_0.08,26.807885110468913,0.9818302989006042
dehaze,1899_0.8_0.08,35.98671494484902,0.9876532554626465
dehaze,1900_0.8_0.08,31.282958520275685,0.9878019690513611
dehaze,1903_0.95_0.08,34.35911505927195,0.9914031624794006
dehaze,1909_0.85_0.2,24.740227917674936,0.9714606404304504
dehaze,1913_0.95_0.08,35.98177243410119,0.9926014542579651
dehaze,1915_1_0.08,38.45685666741805,0.9911968111991882
dehaze,1917_0.95_0.2,31.51848813414511,0.9556387066841125
dehaze,1919_1_0.08,31.1188676306296,0.990828812122345
dehaze,1920_0.95_0.16,25.670488572998714,0.9813635349273682
dehaze,1921_0.95_0.08,36.106176460525305,0.9852972030639648
dehaze,1923_0.9_0.08,34.5713400100549,0.9877336621284485
dehaze,1924_0.85_0.12,28.73524747452947,0.9810234904289246
dehaze,1926_0.9_0.16,21.312708766922785,0.9422658085823059
dehaze,1927_0.9_0.08,23.067849649298676,0.9520313143730164
dehaze,1928_0.9_0.08,29.977159473876856,0.9894146919250488
dehaze,1930_0.8_0.08,30.146477362071813,0.9873929023742676
dehaze,1931_0.8_0.08,30.779921507894446,0.9880043864250183
dehaze,1932_0.8_0.2,23.814261760173885,0.9688589572906494
dehaze,1933_0.8_0.2,26.62591596308278,0.9811530113220215
dehaze,1934_1_0.08,33.92575095704434,0.9869528412818909
dehaze,1936_0.95_0.08,25.565063172659137,0.9797475934028625
dehaze,1938_0.85_0.12,30.44126512648495,0.9916747212409973
dehaze,1940_0.9_0.16,26.42433074883784,0.9881075024604797
dehaze,1942_0.85_0.08,33.352439305222646,0.9914857745170593
dehaze,1944_0.9_0.16,30.691366664104677,0.984633207321167
dehaze,1945_0.9_0.12,19.15602029682323,0.9336236119270325
dehaze,1947_0.8_0.16,22.770336162293063,0.9799676537513733
dehaze,1949_0.8_0.2,21.214268298740233,0.9738077521324158
dehaze,1950_1_0.08,36.67636575963703,0.9940729141235352
dehaze,1953_0.8_0.2,23.3524039674526,0.9727098345756531
dehaze,1954_1_0.08,33.33032036620551,0.989345371723175
dehaze,1956_0.8_0.12,29.099190194575236,0.9666184782981873
dehaze,1958_0.9_0.08,36.69378549896483,0.9973907470703125
dehaze,1960_0.85_0.2,33.72709393542961,0.9769182205200195
dehaze,1962_0.9_0.08,35.062768817224054,0.9907295107841492
dehaze,1964_0.85_0.2,31.95264698282031,0.9878581166267395
dehaze,1966_0.9_0.08,34.08992403518604,0.9880267977714539
dehaze,1968_0.8_0.12,27.08605924312245,0.9796730875968933
dehaze,1970_0.9_0.08,35.8325503280155,0.9902885556221008
dehaze,1971_1_0.08,36.20799799211574,0.9916963577270508
dehaze,1973_0.95_0.08,39.04855261201216,0.9920697212219238
dehaze,1975_0.85_0.12,34.57581792327324,0.9829163551330566
dehaze,1977_0.8_0.08,39.96329469724853,0.9937600493431091
dehaze,1981_0.8_0.2,34.208824097573356,0.986264169216156
dehaze,1982_1_0.08,38.00984524343838,0.9924795627593994
dehaze,1984_0.85_0.08,39.35346129821769,0.9931780695915222
dehaze,1986_0.9_0.08,33.51782785632628,0.9911460876464844
dehaze,1988_0.8_0.12,32.42288986183526,0.9853551983833313
